ヤンガス	얀가스
トロデ	트로데
トロデ王	트로데 왕
ミーティア	미티아
ゼシカ	제시카
ククール	쿠쿨
ドルマゲス	돌마게스
ライラス	라이라스
マスター・ライラス	마스터 라이라스
ルイネロ	루이네로
ユリマ	유리마
ザバン	자반
トーポ	토포
トラペッタ	트라페타
トロデーン	트로데인
サザンビーク	사잔비크
リーザス	리자스
ポルトリンク	포르토링크
兄貴	형님
おっさん	아저씨
ゴールド	골드
ふくろ	자루
やくそう	약초
どくけしそう	해독초
キメラのつばさ	키메라의 날개
せいすい	성수
スライム	슬라임
ドラキー	드라키
ホイミ	호이미
ベホイミ	베호이미
メラ	메라
ギラ	기라
ヒャド	햐드
バギ	바기
ルーラ	루라
リレミト	리레미트
ザオラル	자오랄
つよさ	강함
じゅもん	주문
とくぎ	특기
どうぐ	도구
そうび	장비
さくせん	작전
しらべる	조사
はなす	대화
きょうかい	교회
やどや	여관
冒険の書	모험의 서
HP	HP
MP	MP
レベル	레벨
ちから	힘
すばやさ	민첩성
みのまもり	방어력
かしこさ	지혜
うんのよさ	운
こうげき力	공격력
しゅび力	수비력
けいけんち	경험치
ひのきのぼう	노송나무 봉
どうのつるぎ	구리 검
はがねのつるぎ	강철 검
はぐれメタル	외톨이 메탈
メタルキング	메탈킹
武器	무기
よろい	갑옷
盾	방패
かぶと	투구
装飾品	장신구
だいじなもの	소중한 것
錬金釜	연금솥
錬金レシピ	연금 레시피
せかいじゅの葉	세계수의 잎
ちいさなメダル	작은 메달
おいろけ	섹시
にんじょう	인정
ゆうき	용기
カリスマ	카리스마
しに	죽음
マヌーサ	마누사
マホトン	마호톤
ガンガンいこうぜ	마구 싸워라
いのちだいじに	목숨을 소중히
じゅもんつかうな	주문 쓰지 마
錬金釜	연금솥
メダル王女	메달 왕녀
ちいさなメダル	작은 메달
モンスター・バトルロード	몬스터 배틀로드
メモリーカード(ＰＳ２)	메모리 카드(PS2)
ゲルダ	겔다
スーパー・キングマスター	슈퍼 킹마스터
ガンガンいこうぜ	마구 싸워라
バッチリがんばれ	잘 싸워라
いのちだいじに	목숨을 소중히
じゅもんつかうな	주문 쓰지 마
テンションためろ	텐션을 모아라
めいれいさせろ	명령하겠다
剣スキル	검 스킬
ヤリスキル	창 스킬
ブーメラン	부메랑
格闘スキル	격투 스킬
ゆうき	용기
オノスキル	도끼 스킬
打撃スキル	타격 스킬
鎌スキル	낫 스킬
にんじょう	인정
短剣スキル	단검 스킬
ムチスキル	채찍 스킬
杖スキル	지팡이 스킬
おいろけ	섹시
弓スキル	활 스킬
カリスマ	카리스마
盾スキル	방패 스킬
テンション	텐션
れんきんがま	연금솥
バトルロード	배틀 로드
ぬすっと刈り	도둑 베기
まじん斬り	마인 베기
あばれうしどり	난폭소새
あばれんボーイ	날뛰는보이
あやしいかげ	수상한그림자
あやつりヨシキィ	조종사요시키
あらくれギガンテス	난폭기간테스
あんこくちょう	암흑조
いたずらもぐら	장난두더지
いっかくウサギ	뿔토끼
いばらドラゴン	가시드래곤
いやし姫マリン	치유공주마린
うごくせきぞう	움직이는석상
おおうつぼ	큰곰치
おおきづち	큰나무망치
おおさそり	큰전갈
おおめだま	큰눈알
おどる宝石	춤추는보석
おばけきのこ	도깨비버섯
かくとうパンサー	격투팬서
かぶとこぞう	투구꼬마
がいこつ	해골
きめんどうし	가면도사
くさった死体	썩은시체
くしざしツインズ	꼬치트윈스
くびかりぞく	목사냥족
くびなしアーマー	목없는갑옷
けらけらマオール	깔깔마오르
げんじゅつし	환술사
ごくらくちょう	극락조
ごろつき	불량배
さつじんイカリ	살인닻
さまようたましい	떠도는영혼
さまようよろい	떠도는갑옷
しにがみきぞく	사신귀족
しびれくらげ	마비해파리
しましまキャット	줄무늬캣
じごくのよろい	지옥의갑옷
じごくの殺し屋	지옥의살인자
じんめんじゅ	인면수
じんめんガエル	인면개구리
だいおうイカ（欠番)	왕오징어
だいおうキッズ	대왕키즈
だいまじん	대마인
とれとれチビチビ	싱싱꼬맹이
どくどくエンジェル	독독엔젤
どくどくゾンビ	독독좀비
どくやずきん	독화살두건
どろにんぎょう	진흙인형
なげきの亡霊	탄식의망령
なぞの神官	의문의신관
ばくだん岩	폭탄바위
ひとくいばこ	식인상자
びっくりサタン	깜짝사탄
ふとっちょ天使	뚱보천사
ほほえみメタル	미소메탈
ぼうれい剣士	망령검사
まかいじゅ	마계수
みんなのアイドル	모두의아이돌
もぐら小隊長	두더지소대장
よみがえる最古の敵	되살아난최고의적
わかめ王子	미역왕자
わらいぶくろ	웃음자루
アイアンクック	아이언쿡
アイアンダッシュ	아이언대시
アイスチャイム	아이스차임
アイスチャイムＬv５	아이스차임5
アイスビックル	아이스비클
アルゴリザード	아르고리자드
アルゴングレート	아르곤그레이트
アルミラージ	알미라지
アローインプ	애로임프
アローチャンピオン	애로챔피언
アークデーモン	아크데몬
アークバッファロー	아크버펄로
アーマービートル	아머비틀
イーブルアイズ	이블아이즈
ウィッチレディ	위치레이디
ウェポン・マスター	웨펀마스터
ウドラー	우드러
ウルスラ	우르스라
エデンの人形使い	에덴의인형사
エビぞりドランカー	새우등드렁커
エビラ	에비라
エビルスピリッツ	이블스피리츠
エビルドライブ	이블드라이브
エビルホーク	이블호크
エリミネーター	엘리미네이터
エース・スライム	에이스슬라임
オクトセントリー	옥토센트리
オセアーノン	오세아논
オーク	오크
オークキング	오크킹
オーシャンクロー	오션클로
オーラー	오러
ガチャコッコ	가차코코
ガルーダ	가루다
ガーゴイル	가고일
キメラ	키메라
キャプテン・クロウ	캡틴크로우
キラキラスパーク	반짝스파크
キラーアーマー	킬러아머
キラースコップ	킬러스콥
キラーテクニシャン	킬러테크니션
キラーパンサー	킬러팬서
キラーマシン	킬러머신
キラーモス	킬러모스
キングスライム	킹슬라임
キングマーマン	킹머맨
キングミミック	킹미믹
キングムーチョ	킹무초
キング・ゆうぼん	킹유본
ギガンテス	기간테스
ギャオース	갸오스
ギャング・スライム	갱슬라임
ククール像	쿠쿨상
クラーゴン	크라곤
クロコダイモス	크로코다이모스
クローハンズ	클로핸즈
グリゴンダンス	그리곤댄스
グレドラ	그레드라
グレートジンガー	그레이트징거
グール	구울
ケムンクルス	케문쿨루스
ゲロンガー	게롱거
コサックシープ	코사크쉽
コングヘッド	콩헤드
ゴールドマン	골드맨
ゴーレム	골렘
サイクロプス	사이클롭스
サイコロン	사이코론
サイレス	사일레스
サンダーサタン	썬더사탄
サーベルきつね	사벨여우
シャイニング	샤이닝
シャドウパンサー	섀도팬서
シャドー	섀도
シャークマジュ	샤크마쥬
シーメーダ	시메다
ジャイアントバット	자이언트배트
ジャングルスター	정글스타
ジャンバラヤン	잠발라얀
ジャンボ飛びトカゲ	점보날도마뱀
スカルライダー	스컬라이더
スキッパー	스키퍼
スケアフレイル	스케어플레일
ストーンマン	스톤맨
スノーエイプ	스노에이프
スピンサタン	스핀사탄
スペクテット	스펙테트
スライムダーク	슬라임다크
スライムナイト	슬라임나이트
スライムベス	슬라임베스
スライムベホマズン	슬라임베호마즌
ゼシカ像	제시카상
ソードファントム	소드팬텀
ソーラー	솔라
タップデビル	탭데빌
タホドラキー	타호드라키
ダイス・ド・デビル	다이스드데빌
ダッシュ・メタぞう	대시메타조
ダンビラムーチョ	단비라무초
ダークジャミラ	다크자밀라
ダークデーブル	다크데블
ダークナイト	다크나이트
ダースウルフェン	다스울펜
チキンドラゴ	치킨드라고
チャゴス	차고스
ツインドラキー	트윈드라키
テンタクルス	텐타클스
デスストーカー	데스스토커
デスセイレス	데스세이레스
デスターキー	데스터키
デスファレーナ	데스팔레나
デスプリースト	데스프리스트
デッドアンカー	데드앵커
デビルパピヨン	데빌파피용
デュラハーン	듀라한
デンデン竜	덴덴룡
トラップボックス	트랩박스
トロル	트롤
トロルキング	트롤킹
ドラキーマ	드라키마
ドラゴンソルジャー	드래곤솔저
ドラゴンバゲージ	드래곤배기지
ドラゴンブッシュ	드래곤부시
ドルイド	드루이드
ドン・モグーラ	돈모구라
ドーラー	도러
ドールマスター	돌마스터
ナイトウォーカー	나이트워커
ナイトフォックス	나이트폭스
ニガニガー	니가니가
ノックヒップ	노크힙
ハエ男	파리남
バッファロン	버펄론
バトルレックス	배틀렉스
バブルスライム	버블슬라임
バベルボブル	바벨보블
バル	발
バロンジャッカル	바론자칼
バーサーカー	버서커
バードファイター	버드파이터
パプリカン	파프리칸
パペットこぞう	퍼핏꼬마
パペットマン	퍼핏맨
パワフル・ドラキー	파워풀드라키
パワーボンバー	파워봄버
パンドラボックス	판도라박스
ビッグファング	빅팽
ピッグマリオン	피그말리온
フェイスボール	페이스볼
フラワーゾンビ	플라워좀비
フレイム	플레임
フーラー	풀러
ブチュチュンパ	부츄츈파
ブラウニー	브라우니
ブラックモス	블랙모스
ブラックルーン	블랙룬
ブラッドハンド	블러드핸드
ブラッドマミー	블러드머미
ブリザード	블리자드
ブル	불
ブルファング	불팽
ブルホーク	불호크
ブルーシティボーイ	블루시티보이
プチアーノン	푸치아논
プリズニャン	프리즈냥
プークプック	푸크푸크
ヘドロイド	헤드로이드
ヘルガーディアン	헬가디언
ヘルクラッシャー	헬크래셔
ヘルコンドル	헬콘도르
ヘルダイバー	헬다이버
ヘルパイレーツ	헬파이리츠
ヘルプラネット	헬플래닛
ヘルホーネット	헬호넷
ベビーサタン	베이비사탄
ベホマスライム	베호마슬라임
ベリアル	벨리알
ベル	벨
ベルザブル	벨자블
ベロニャーゴ	베로냐고
ホイミスライム	호이미슬라임
ホラーウォーカー	호러워커
ホロゴースト	홀로고스트
ホークマン	호크맨
ボストロール	보스트롤
ボボンガー	보봉거
ボル	볼
ボーンナイト	본나이트
ボーンファイター	본파이터
ポイズンキラー	포이즌킬러
ポグフィッシュ	포그피시
ポルク	폴크
マジックマスター	매직마스터
マジックリップス	매직립스
マジーン	마진
マタンゴ	마탄고
マッスルアニマル	머슬애니멀
マッスルウータン	머슬우탄
マッスルモヒカン	머슬모히칸
マッドドッグ	매드독
マッドロブスター	매드랍스터
マッハ・はぐりん	마하하구린
マドハンド	머드핸드
マヒャドフライ	마햐드플라이
マペットマン	머펫맨
マミー	머미
マリンギャング	마린갱
マリンフェアリー	마린페어리
マルク	마르크
マルチェロ	마르첼로
マージマタンゴ	마지마탄고
マージリンリン	마지린린
マージリンリンＬv５	마지린린5
マーマン	머맨
マーマンダイン	머맨다인
ミイラ男	미라남
ミスター・ゴールド	미스터골드
ミスター海の幸	미스터해산물
ミニデーモン	미니데몬
ミミック	미믹
ミャケでございます	먀케입니다
メイジキメラ	메이지키메라
メガザルロック	메가자루록
メタッピー	메타피
メタルスライム	메탈슬라임
メタルハンター	메탈헌터
メタルライダー	메탈라이더
メラゴースト	메라고스트
モグラの子分	두더지부하
モヒカント	모히칸트
モビルフォース	모빌포스
モビルヘッド	모빌헤드
モビルボディ	모빌보디
モビルライト	모빌라이트
モビルレフト	모빌레프트
ヤンガス像	얀가스상
ランドゲーロ	랜드게로
リザードファッツ	리자드팻츠
リップス	립스
リリパット	릴리퍼트
リンリン	린린
レッサーデーモン	레서데몬
レッドオーガ	레드오거
レッドテイル	레드테일
レティス	레티스
レーシングヒーロー	레이싱히어로
ロンリージョー	론리조
ワイトキング	와이트킹
ワニバーン	와니반
ワンダーフール	원더풀
不屈のスナイパー	불굴의저격수
凍える魂まっつん	얼음혼맛쓴
吹雪の魔女	눈보라마녀
呪われしゼシカ	저주받은제시카
回復エンジェル	회복엔젤
地獄のベテラン選手	지옥의베테랑
地獄の番人ギーガ	지옥문지기기가
夜のパンツマスク	밤의팬티가면
夜の世界の案内人	밤세계안내인
夜の帝王	밤의제왕
夜の帝王リッチー	밤의제왕리치
大王イカ	왕오징어
大自然の格闘王	대자연격투왕
天国の千両役者	천국의명배우
妖魔ゲモン	요마게몬
山のテンション王	산의텐션왕
幸せの黒い鳥	행복의검은새
影の騎士	암영기사
怒れる神の像	분노한신상
怪力ゴレムス	괴력고렘스
愛の国から来た女	사랑의나라여자
愛の戦士ピエール	사랑의전사피에르
愛をかなでし牧神	사랑연주목신
暗黒の使い	암흑의사자
暗黒の魔人	암흑의마인
暗黒神ラプソーン	암흑신라프손
最強バッファロー	최강버펄로
極悪デーモン	극악데몬
樹氷の竜	수빙의용
機械兵ロビン	기계병로빈
死のさそり	죽음의전갈
死霊のホースマン	사령의기수
死霊の騎士	사령기사
殺人マシーン	살인머신
水陸両用マッチョ	수륙양용마초
氷の化身ブリザド	얼음화신블리자드
永遠の巨竜	영원의거룡
海竜	해룡
深紅の巨竜	진홍의거룡
深緑の巨竜	심록의거룡
炎の化身フレイン	불꽃화신플레인
燃える魂いっつん	불타는혼잇쓴
白銀の巨竜	백은의거룡
砂丘の殺し屋	사구의살인자
破壊神だんきち	파괴신단키치
秘境の怪力ザル	비경괴력원숭이
竜商人でんすけ	용상인덴스케
竜神王	용신왕
笛吹き羊男	피리양남
聖なる巨竜	성스런거룡
舌切りマシーン	혀자르기머신
見返りデビル	돌아보는데빌
野生のヤリ名人	야생의창명인
鉄のさそり	강철전갈
闇のコンダクター	어둠의지휘자
闇の司祭	어둠사제
青鬼サイップ	청귀사이프
食いしんボックス	먹보박스
魔の森の支配者	마의숲지배자
魔人像ユーガ	마인상유가
魔犬レオパルド	마견레오파르드
魔獣ドランゴ	마수드랑고
魔空の王者ホークル	마공왕호크르
魔鳥ウコッケ	마조우콕케
黄金の巨竜	황금의거룡
黒鉄の巨竜	흑철의거룡
ドランゴ	드랑고
リリッピ	릴리피
ピエール	피에르
ピーチク	피치크
ドラきち	드라키치
うっしー	웃시
ホイミン	호이민
ジョー	조
ブラウン	브라운
エビーラ	에비라
ナオピイ	나오피
ジンメン	진멘
プチノン	푸치논
スミス	스미스
ヨシキィ	요시키
スラリン	스라린
バサマン	바사만
リッチー	리치
ゴルドン	골든
ミャケ	먀케
オークス	오크스
パーニ	파니
タイーチ	타이치
ハルカン	하르칸
だんきち	단키치
ラッキー	럭키
ゆうぼん	유본
ミネラル	미네랄
すけさん	스케상
フレイン	플레인
どくやん	도쿠얀
でんすけ	덴스케
プルッピ	푸루피
ベホップ	베홉
コンガ	콩가
クラーク	클라크
アモーレ	아모레
ロビン	로빈
ゴレムス	고렘스
ブリザド	블리자드
ウルどん	울돈
レッド	레드
アキーラ	아키라
バハロー	바하로
モヒカン	모히칸
ヒロミン	히로민
ギーガ	기가
サイップ	사이프
エースケ	에스케
スカール	스칼
キラーマ	킬러마
まっつん	맛쓴
いっつん	잇쓴
ウコッケ	우콕케
レスラー	레슬러
リー	리
メタぞう	메타조
はぐりん	하구린
すぎやん	스기얀
アクデン	아쿠덴
ギガンツ	기간츠
ボス	보스
ハルク	헐크
アポロン	아폴론
のっひー	놋히
ユーガ	유가
スマイル	스마일
デューラ	듀라
プリスト	프리스트
ファッツ	팻츠
ホークル	호크르
ゲレゲレ	게레게레
バックル	버클
サシタル	사시타루
マオール	마오르
ラモッチ	라못치
マリン	마린
びっくりハンマー	깜짝 해머
死神のかま	사신의 낫
ほほえみの杖	미소 지팡이
死者の杖	망자의봉
テンションドレス	텐션 드레스
気合いのよろい	기합의 갑옷
エルフの盾	엘프 방패
やまびこのぼうし	메아리 모자
逃げ逃げリング	도망도망 링
メガンテのうでわ	메간테 팔찌
メガザルのうでわ	메가잘 팔찌
あんぜんぐつ	안전 신발
のんきな砂時計	느긋한모래시계
せっかちな砂時計	성급한 모래시계
時の砂	시간모래
モンスター図鑑	몬스터 도감
ぜつぼうのシンバル	절망의 심벌즈
あきんどのホラ貝	장사꾼 소라고둥
大トカゲのふん	큰도마뱀 똥
ちょい辛チーズ	살짝매운치즈
ひんやりチーズ	서늘한 치즈
ザラザラチーズ	까끌까끌 치즈
どくどくチーズ	독독 치즈
ねむねむチーズ	쿨쿨 치즈
マヒマヒチーズ	저릿저릿 치즈
くるくるチーズ	빙글빙글 치즈
みんなのチーズ	모두의 치즈
においぶくろ	냄새 주머니
マイレージカード	마일리지 카드
バイキルト	바이킬트
フバーハ	후바하
マホカンタ	마호칸타
マホトーン	마호톤
マジックバリア	매직 배리어
アストロン	아스트론
ペスカトレ	페스카토레
ディバインスペル	디바인 스펠
かいしんのいちげき	회심의 일격
スキルアップ	스킬 업
パワーアップ	파워 업
かえん斬り	화염 베기
メタル斬り	메탈 베기
はやぶさ斬り	매 베기
せいけん突き	정권 찌르기
しんくうは	진공파
ばくれつけん	폭렬권
祝福の杖	축복의 지팡이
モリー	모리
バイキルト	바이킬트
トヘロス	토헤로스
アストロン	아스트론
フバーハ	후바하
マホカンタ	마호칸타
モシャス	모샤스
パルプンテ	파르푼테
ぱふぱふ	퍼프퍼프
かまいたち	가마이타치
しんくう波	진공파
竜神の封印	용신의 봉인
キングスライム	킹슬라임
メタルスライム	메탈슬라임
とうぞくのカギ	도둑의 열쇠
サーベルト	사벨트
マイエラ修道院	마이엘라 수도원
ドニ	도니
オディロ	오딜로
アスカンタ	아스칸타
キラ	키라
パルミド	팔미드
キント	킨트
ビーナスの涙	비너스의 눈물
イシュマウリ	이슈마울리
月影のハープ	월영의 하프
ベルガラック	벨가라크
フォーグ	포그
ユッケ	유케
竜骨の迷宮	용골의 미궁
クラビウス	클라비우스
魔法の鏡	마법의 거울
アルゴンハート	아르곤 하트
太陽の鏡	태양의 거울
王家の山	왕가의 산
闇の遺跡	어둠의 유적
聖堂騎士団	성당기사단
リブルアーチ	리블아치
ハワード	하워드
ライドン	라이든
クラン・スピネル	클랜 스피넬
チェルス	첼스
メディ	메디
グラッド	그라드
オークニス	오크니스
レティシア	레티시아
光の海図	빛의 해도
神鳥	신조
神鳥のたましい	신조의 혼
暗黒大樹の葉	암흑대수의 잎
サヴェッラ大聖堂	사벨라 대성당
ラプソーン	라프손
煉獄島	연옥섬
聖地ゴルド	성지 골드
法皇	법황
グルーノ	그루노
竜神族	용신족
竜の試練	용의 시련
天の祭壇	하늘의 제단
石のつるぎ	돌 검
情報屋	정보상
闇商人	암상인
馬姫	말공주
クラビウス	클라비우스
ギャリング	개링
ベルガラック	벨가라크
闇の遺跡	어둠의 유적
王家の山	왕가의 산
アルゴンハート	아르곤 하트
魔法の鏡	마법의 거울
王者の儀式	왕의 의식
ジョロの実	조로 열매
パヴァン	파반
モリー	모리
アルバート	알버트
シセル	시셀
メダル王	메달 왕
ニノ大司教	니노 대주교
マイエラ修道院	마이엘라 수도원
ラパン	라판
カラッチ	카랏치
バウムレン	바움렌
バウムレンのすず	바움렌의 방울
深き眠りのこな	깊은 잠의 가루
キラーパンサー友の会	킬러팬서 친구회
スライムのかんむり	슬라임 왕관
ニノ	니노
黄金のロザリオ	황금 로자리오
怒りの鉄球	분노의 철구
ラーミア	라미아
ちからのたね	힘의 씨앗
命のきのみ	생명의 나무열매
やまびこの笛	메아리 피리
神鳥の杖	신조의 지팡이
ウィニア	위니아
エルトリオ	엘트리오
サヴェッラ	사벨라
アルゴンリング	아르곤 링
ヌーク草	누크 풀
ゲモン	게몬
三角谷	삼각 골짜기
レオパルド	레오파르드
うるわしの貴婦人号	우아한 귀부인호
七賢者	칠현자
暗黒神	암흑신
ヌーク草	누크풀
バフ	바프
さいごのカギ	마지막 열쇠
レオパルド	레오파르드
クランバートル	클랜바톨
クーパス	쿠파스
アローザ	아로자
ベギラゴン	베기라곤
マヒャド	마햐드
世界結界全集	세계 결계 전집
七賢者	칠현자
ピュア・ギガンテス	퓨어 기간테스
ラジュ	라쥬
ドラング	드랑그
エジェウス	에제우스
マスター・コゾ	마스터 코조
シャマル	샤말
カッティード	카티드
レグニスト	레그니스트
エルトリオ	엘트리오
月の窓	달의 창
定期船	정기선
荒野の魔法船	황야의 마법선
ラグサット	라그사트
アルバート家	알버트 가문
月影の窓	월영의 창
ミリー	밀리
マリー	마리
格闘場	격투장
チーム呼び	팀 부르기
ランク	랭크
ヌーク草	누크풀
大モグラ	큰두더지
ラグサット	라그사트
まほうのカギ	마법의 열쇠
さいごのカギ	마지막 열쇠
ラジュ	라쥬
牢獄亭	감옥정
物乞い通り	거지 골목
酔いどれキント	술꾼 킨트
占いの館	점술의 집
古代船	고대선
エイミ	에이미
アスナ	아스나
ビビアン	비비안
秘密屋	비밀가게
聖女の盾	성녀의 방패
神鳥の巣	신조의 둥지
世界樹の葉	세계수의 잎
パスカル	파스칼
願いの丘	소원의 언덕
不死鳥	불사조
リーザス像	리자스상
リーザス村	리자스 마을
神鳥の巣	신조의 둥지
レティスの止まり木	레티스의 횃대
長老会議	장로 회의
竜神族の里	용신족 마을
日輪のごとき輪	태양 같은 고리
砂塵のヤリ	사진의 창
パルチザン	파르티잔
ほしふるうでわ	별내림 팔찌
はやてのリング	질풍의 반지
グラッド	그라드
メディ	메디
ライアン	라이언
トルネコ	토르네코
ミリー	밀리
メリー	메리
ムリー	무리
マリー	마리
リーザス・クランバートル	리자스 클랜바톨
岩戸のほこら	바위문의 사당
ライトシャムシール	라이트 샴실
ルーンスタッフ	룬 스태프
昇降盤	승강판
マメ	마메
暗闇の結界	어둠의 결계
