chara\dq_ptalk2.pak	arasuji.bin	l3
event\fconv.bin		l3
event\ptt\arasuji.bin		l3
event\ptt\ptc01.bin		l3
event\ptt\ptc02.bin		l3
event\ptt\ptc03.bin		l3
event\ptt\ptc03i01.bin		l3
event\ptt\ptc03i02.bin		l3
event\ptt\ptc03i03.bin		skip
event\ptt\ptc03i04.bin		l3
event\ptt\ptc03i05.bin		l3
event\ptt\ptc03i06.bin		l3
event\ptt\ptc03i07.bin		l3
event\ptt\ptc03i08.bin		l3
event\ptt\ptc04.bin		l3
event\ptt\ptd01.bin		l3
event\ptt\ptd02.bin		l3
event\ptt\ptd03.bin		l3
event\ptt\ptd04.bin		l3
event\ptt\ptd04i01.bin		l3
event\ptt\ptd05.bin		l3
event\ptt\ptd06.bin		l3
event\ptt\ptd07.bin		l3
event\ptt\ptd08.bin		l3
event\ptt\ptd09.bin		l3
event\ptt\ptd10i01.bin		l3
event\ptt\ptd10i02.bin		l3
event\ptt\ptd10i03.bin		l3
event\ptt\ptd10i04.bin		l3
event\ptt\ptd11.bin		skip
event\ptt\ptd11i01.bin		l3
event\ptt\ptd11i02.bin		l3
event\ptt\ptd11i03.bin		l3
event\ptt\ptd11i04.bin		l3
event\ptt\ptd12.bin		l3
event\ptt\ptm01.bin		l3
event\ptt\ptm02.bin		l3
event\ptt\ptm03.bin		l3
event\ptt\ptm04.bin		l3
event\ptt\ptm05.bin		l3
event\ptt\ptm05i01.bin		l3
event\ptt\ptm05i02.bin		l3
event\ptt\ptm05i03.bin		l3
event\ptt\ptm05i04.bin		l3
event\ptt\ptm05i05.bin		l3
event\ptt\ptm05i06.bin		l3
event\ptt\ptm05i07.bin		l3
event\ptt\ptm05i10.bin		l3
event\ptt\ptm05i11.bin		l3
event\ptt\ptm05i12.bin		l3
event\ptt\ptm05i13.bin		l3
event\ptt\ptm06.bin		l3
event\ptt\ptm07.bin		l3
event\ptt\ptm08.bin		l3
event\ptt\ptm09.bin		l3
event\ptt\ptm10.bin		l3
event\ptt\ptm11.bin		l3
event\ptt\ptm12.bin		l3
event\ptt\ptr01.bin		l3
event\ptt\ptr02.bin		l3
event\ptt\pts01.bin		l3
event\ptt\pts02.bin		l3
event\ptt\pts03.bin		l3
event\ptt\pts04.bin		l3
event\ptt\pts05.bin		l3
event\ptt\pts07.bin		l3
event\ptt\pts08.bin		l3
event\ptt\pts09.bin		l3
event\ptt\pts11.bin		skip
event\ptt\pts13.bin		l3
event\ptt\pts14.bin		l3
event\ptt\pts14i01.bin		l3
event\ptt\pts16.bin		l3
event\ptt\pts18.bin		l3
event\ptt\pts19.bin		l3
event\ptt\pts20.bin		skip
event\ptt\pts23.bin		l3
event\ptt\pts24.bin		l3
event\ptt\pts25.bin		l3
event\ptt\pts38.bin		l3
event\ptt\ptt01.bin		l3
event\ptt\ptt03.bin		l3
event\ptt\ptt04i04.bin		l3
event\ptt\ptt04i05.bin		l3
event\ptt\ptwm.bin		l3
event\ptt\ptx01.bin		l3
event\ptt\ptx02.bin		l3
event\ptt\ptx03.bin		l3
event\ptt\ptx04.bin		l3
event\ptt\ptx05.bin		l3
event\ptt\pt_field01.bin		l3
event\ptt\pt_field02.bin		l3
event\ptt\pt_field03.bin		l3
event\talk_mes\m01.bin		skip
event\talk_mes\m02.bin		skip
event\talk_mes\m03.bin		skip
event\talk_mes\s01.bin		skip
event\talk_mes\s11.bin		skip
event\villager\disposition\field_cfg.pac	field02.bin	l3
event\villager\disposition\field_cfg.pac	field01.bin	l3
event\villager\disposition\field_cfg.pac	field03.bin	l3
event\villager\disposition\field_cfg.pac	field07.bin	l3
event\villager\disposition\field_cfg.pac	field08.bin	l3
event\villager\disposition\field_cfg.pac	field15.bin	l3
event\villager\message\c01.bin		l3
event\villager\message\c02.bin		l3
event\villager\message\c03.bin		l3
event\villager\message\c04.bin		l3
event\villager\message\c05.bin		l3
event\villager\message\d01.bin		l3
event\villager\message\d04i01.bin		l3
event\villager\message\d06.bin		l3
event\villager\message\d08.bin		l3
event\villager\message\d09.bin		l3
event\villager\message\f01.bin		skip
event\villager\message\field01.bin		l3
event\villager\message\field02.bin		l3
event\villager\message\field03.bin		l3
event\villager\message\field08.bin		l3
event\villager\message\field15.bin		l3
event\villager\message\m01.bin		l3
event\villager\message\m01b.bin		l3
event\villager\message\m02.bin		l3
event\villager\message\m03.bin		l3
event\villager\message\m04.bin		l3
event\villager\message\m05.bin		l3
event\villager\message\m06.bin		l3
event\villager\message\m07.bin		l3
event\villager\message\m08.bin		l3
event\villager\message\m09.bin		l3
event\villager\message\m10.bin		l3
event\villager\message\m11.bin		l3
event\villager\message\m12.bin		l3
event\villager\message\s01.bin		l3
event\villager\message\s02i01.bin		l3
event\villager\message\s02i02.bin		l3
event\villager\message\s05.bin		l3
event\villager\message\s08.bin		l3
event\villager\message\s09.bin		l3
event\villager\message\s11.bin		l3
event\villager\message\s13.bin		l3
event\villager\message\s14.bin		l3
event\villager\message\s16.bin		l3
event\villager\message\s19.bin		l3
event\villager\message\s24.bin		l3
event\villager\message\s25i01.bin		l3
event\villager\message\s29.bin		l3
event\villager\message\s31.bin		l3
event\villager\message\s38.bin		l3
event\villager\message\t03.bin		l3
event\villager\message\t04.bin		l3
event\villager\message\x01.bin		l3
event\villager\message\x02.bin		l3
event\villager\message\x03.bin		l3
event\villager\message\x04.bin		l3
event\villager\message\x06.bin		l3
menu\cmd4.pac	mc_sys.mes	s3
menu\cmd4.pac	mc_talk.mes	l3
menu\cmd4.pac	shopmes1.mes	l3
menu\cmd4.pac	allmenu9.mes	s3
meswin\system_l.mes		l3
meswin\system_s.mes		s3
title\title.mes		s3
